{
    "(0.577735960483551, 0.30714985408106144)": {
        "seed": 42,
        "weigh_dacay": 0.0005,
        "lr": 0.001,
        "drop_out": 0.7,
        "ucl_temp": 0.5,
        "hidden": 128,
        "alpha": 1,
        "theta": 1
    }
}{
    "(0.5789914131164551, 0.29904117907347355)": {
        "seed": 42,
        "weigh_dacay": 0.0005,
        "lr": 0.001,
        "drop_out": 0.7,
        "ucl_temp": 0.5,
        "hidden": 128,
        "alpha": 1,
        "theta": 1
    }
}